NUTS_ID,NUTS_NAME,,Une_2019,Une_2020,Emp_2019,Emp_2020,Labour force_2019,Labour force_2020,unemp_rate_2019,unemp_rate_2020
DG,Deutschland,,2266720,2695444,33407262,33322952,35673982,36018396,6.353986499,7.483520366
01,  Schleswig-Holstein,,79678,92140,1000213,1002902,1079891,1095042,7.378337258,8.414289132
01001,"      Flensburg, kreisfreie Stadt",,4174,4722,44607,43981,48781,48703,8.556610156,9.695501304
01002,"      Kiel, Landeshauptstadt, kreisfreie Stadt",,10556,11776,125483,125487,136039,137263,7.759539544,8.579150973
01003,"      Lübeck, Hansestadt, kreisfreie Stadt",,8400,9404,99053,100231,107453,109635,7.817371316,8.577552789
01004,"      Neumünster, kreisfreie Stadt",,3386,3846,40641,41185,44027,45031,7.690735231,8.540783016
01051,"      Dithmarschen, Landkreis",,3815,4261,42518,43009,46333,47270,8.233872186,9.014173895
01053,"      Herzogtum Lauenburg, Landkreis",,4918,5785,48811,48670,53729,54455,9.153343632,10.62345056
01054,"      Nordfriesland, Landkreis",,4501,4970,60989,61247,65490,66217,6.872805008,7.505625444
01055,"      Ostholstein, Landkreis",,5257,5788,62095,61696,67352,67484,7.805261908,8.576847845
01056,"      Pinneberg, Landkreis",,7943,9486,92689,93256,100632,102742,7.89311551,9.232835647
01057,"      Plön, Landkreis",,2677,3149,27954,27617,30631,30766,8.739512259,10.23532471
01058,"      Rendsburg-Eckernförde, Landkreis",,5597,6378,79903,79932,85500,86310,6.54619883,7.389641988
01059,"      Schleswig-Flensburg, Landkreis",,4617,5694,56524,56533,61141,62227,7.551397589,9.150368811
01060,"      Segeberg, Landkreis",,6202,7694,93031,92449,99233,100143,6.249937017,7.683013291
01061,"      Steinburg, Landkreis",,3634,4179,39381,39922,43015,44101,8.448215739,9.475975601
01062,"      Stormarn, Landkreis",,4001,5008,86534,87687,90535,92695,4.419285359,5.402664653
02,  Hamburg,,64774,80677,996031,997534,1060805,1078211,6.106117524,7.482487194
03,  Niedersachsen,,218123,251377,3007560,3016855,3225683,3268232,6.762071784,7.691528631
031,"    Braunschweig, Stat. Region",,44187,50066,648087,645489,692274,695555,6.3828773,7.19799297
03101,"      Braunschweig, kreisfreie Stadt",,6848,7563,132230,131379,139078,138942,4.923855678,5.44327849
03102,"      Salzgitter, kreisfreie Stadt",,4770,5399,48611,47962,53381,53361,8.935763661,10.11787635
03103,"      Wolfsburg, kreisfreie Stadt",,3058,3504,121298,120864,124356,124368,2.459069124,2.817445002
03151,"      Gifhorn, Landkreis",,3806,4279,43023,43338,46829,47617,8.127442397,8.98628641
03152,"      Göttingen, Landkreis",,-,-,-,-,#VALUE!,#VALUE!,#VALUE!,#VALUE!
03153,"      Goslar, Landkreis",,4044,4756,45617,44659,49661,49415,8.14321097,9.624607913
03154,"      Helmstedt, Landkreis",,2873,3096,23129,23371,26002,26467,11.04915007,11.69758567
03155,"      Northeim, Landkreis",,3604,3977,45685,44991,49289,48968,7.311976303,8.121630453
03156,"      Osterode am Harz, Landkreis",,-,-,-,-,#VALUE!,#VALUE!,#VALUE!,#VALUE!
03157,"      Peine, Landkreis",,3205,3796,33030,32788,36235,36584,8.845039327,10.37612071
03158,"      Wolfenbüttel, Landkreis",,2807,3127,25091,25930,27898,29057,10.06165317,10.7616065
03159,"      Göttingen, Landkreis",,9172,10568,130373,130207,139545,140775,6.572790139,7.50701474
032,"    Hannover, Stat. Region",,67913,78580,843172,845311,911085,923891,7.454079477,8.505332339
03241,"      Region Hannover, Landkreis",,40180,47396,517160,518606,557340,566002,7.209243909,8.373822001
03241001,"      Hannover, Landeshauptstadt",,23396,27281,329083,328211,352479,355492,6.63755855,7.674153005
03251,"      Diepholz, Landkreis",,4708,5607,71721,72262,76429,77869,6.159965458,7.200554778
03252,"      Hameln-Pyrmont, Landkreis",,4709,5261,52107,51777,56816,57038,8.288158265,9.223675444
03254,"      Hildesheim, Landkreis",,8517,9614,92812,92750,101329,102364,8.405293647,9.391973741
03255,"      Holzminden, Landkreis",,2263,2375,22858,22930,25121,25305,9.008399347,9.385496937
03256,"      Nienburg (Weser), Landkreis",,3209,3605,40796,40806,44005,44411,7.292353142,8.117358312
03257,"      Schaumburg, Landkreis",,4329,4723,45718,46180,50047,50903,8.649869123,9.278431527
033,"    Lüneburg, Stat. Region",,42835,48811,521392,525033,564227,573844,7.59180259,8.505970264
03351,"      Celle, Landkreis",,5261,5889,58172,58261,63433,64150,8.293790298,9.180046765
03352,"      Cuxhaven, Landkreis",,5356,6119,49164,49137,54520,55256,9.823917828,11.07391053
03353,"      Harburg, Landkreis",,5155,6166,66534,67601,71689,73767,7.190782407,8.358751203
03354,"      Lüchow-Dannenberg, Landkreis",,1665,1807,14409,14361,16074,16168,10.35834267,11.17639782
03355,"      Lüneburg, Landkreis",,5162,5964,59494,59560,64656,65524,7.983791141,9.102008424
03356,"      Osterholz, Landkreis",,2020,2312,27056,27205,29076,29517,6.947310497,7.832774333
03357,"      Rotenburg (Wümme), Landkreis",,3259,3658,56980,58278,60239,61936,5.41011637,5.906096616
03358,"      Heidekreis, Landkreis",,3974,4593,48041,48019,52015,52612,7.640103816,8.72994754
03359,"      Stade, Landkreis",,5701,6687,63256,63523,68957,70210,8.267471033,9.52428429
03360,"      Uelzen, Landkreis",,2359,2596,30026,30117,32385,32713,7.284236529,7.935683062
03361,"      Verden, Landkreis",,2922,3021,48260,48971,51182,51992,5.709038334,5.810509309
034,"    Weser-Ems, Stat. Region",,63188,73920,994909,1001022,1058097,1074942,5.971853242,6.876650089
03401,"      Delmenhorst, kreisfreie Stadt",,3642,4021,20444,20295,24086,24316,15.12081707,16.53643691
03402,"      Emden, kreisfreie Stadt",,2235,2445,33262,32535,35497,34980,6.29630673,6.989708405
03403,"      Oldenburg (Oldenburg), kreisfreie Stadt",,5836,6756,84385,85452,90221,92208,6.468560535,7.326913066
03404,"      Osnabrück, kreisfreie Stadt",,6259,7142,96666,97405,102925,104547,6.081127034,6.831377275
03405,"      Wilhelmshaven, kreisfreie Stadt",,3987,4557,30534,30857,34521,35414,11.54949161,12.8677924
03451,"      Ammerland, Landkreis",,2406,2763,44242,45005,46648,47768,5.157777397,5.784207001
03452,"      Aurich, Landkreis",,6498,7254,61152,60244,67650,67498,9.605321508,10.7469851
03453,"      Cloppenburg, Landkreis",,3737,4440,67620,68511,71357,72951,5.237047522,6.08627709
03454,"      Emsland, Landkreis",,4357,5707,140698,142651,145055,148358,3.003688256,3.846776042
03455,"      Friesland, Landkreis",,2159,2380,29458,29785,31617,32165,6.828604864,7.399347116
03456,"      Grafschaft Bentheim, Landkreis",,1879,2307,50711,51328,52590,53635,3.572922609,4.301295796
03457,"      Leer, Landkreis",,4642,5306,48168,48211,52810,53517,8.790001894,9.914606574
03458,"      Oldenburg, Landkreis",,2281,2729,37041,37544,39322,40273,5.800823966,6.77625208
03459,"      Osnabrück, Landkreis",,5923,7294,130773,131232,136696,138526,4.332972435,5.265437535
03460,"      Vechta, Landkreis",,3000,3779,72826,73209,75826,76988,3.956426556,4.908557178
03461,"      Wesermarsch, Landkreis",,2795,3231,30481,30482,33276,33713,8.399447049,9.583840062
03462,"      Wittmund, Landkreis",,1553,1808,16448,16276,18001,18084,8.627298483,9.9977881
04,  Bremen,,35702,40822,334267,332520,369969,373342,9.649997703,10.93421046
04011,"      Bremen, kreisfreie Stadt",,28382,32456,281384,280627,309766,313083,9.162400005,10.36658011
04012,"      Bremerhaven, kreisfreie Stadt",,7320,8367,52883,51893,60203,60260,12.15886252,13.88483239
05,  Nordrhein-Westfalen,,635486,733740,6976079,6974006,7611565,7707746,8.348953205,9.519514525
051,"    Düsseldorf, Regierungsbezirk",,206445,234981,2075785,2086246,2282230,2321227,9.045757877,10.12313746
05111,"      Düsseldorf, kreisfreie Stadt",,22478,26686,424470,429514,446948,456200,5.029220401,5.849627356
05112,"      Duisburg, kreisfreie Stadt",,27831,31324,175307,174630,203138,205954,13.70053855,15.20922148
05113,"      Essen, kreisfreie Stadt",,30749,33387,250602,254124,281351,287511,10.92905303,11.61242526
05114,"      Krefeld, kreisfreie Stadt",,12233,13587,94415,95119,106648,108706,11.47044483,12.49885011
05116,"      Mönchengladbach, kreisfreie Stadt",,12570,14091,100119,100875,112689,114966,11.15459362,12.25666719
05117,"      Mülheim an der Ruhr, kreisfreie Stadt",,6112,7140,59416,58590,65528,65730,9.327310463,10.86261981
05119,"      Oberhausen, kreisfreie Stadt",,10892,11917,66327,66576,77219,78493,14.10533677,15.18224555
05120,"      Remscheid, kreisfreie Stadt",,4182,4741,46033,45815,50215,50556,8.328188788,9.377719756
05122,"      Solingen, kreisfreie Stadt",,6128,7091,53934,52928,60062,60019,10.20279045,11.81459205
05124,"      Wuppertal, kreisfreie Stadt",,14753,18222,126634,126344,141387,144566,10.43448125,12.60462349
05154,"      Kleve, Kreis",,8592,9145,102703,103901,111295,113046,7.720023361,8.089627231
05158,"      Mettmann, Kreis",,14694,17504,193356,194078,208050,211582,7.062725306,8.272915465
05162,      Rhein-Kreis Neuss,,12104,14341,150159,150186,162263,164527,7.459494771,8.716502459
05166,"      Viersen, Kreis",,8617,9705,94050,94236,102667,103941,8.393154568,9.337027737
05170,"      Wesel, Kreis",,14511,16099,138260,139330,152771,155429,9.49853048,10.35778394
053,"    Köln, Regierungsbezirk",,151101,178272,1755222,1748262,1906323,1926534,7.926306298,9.253509152
05314,"      Bonn, kreisfreie Stadt",,10849,13092,180528,179903,191377,192995,5.668915282,6.78359543
05315,"      Köln, kreisfreie Stadt",,46397,55194,582613,579638,629010,634832,7.376194337,8.69426872
05316,"      Leverkusen, kreisfreie Stadt",,6306,7158,65077,64221,71383,71379,8.834036115,10.02815954
05334,      Städteregion Aachen (einschl. Stadt Aachen),,20840,24073,219517,217776,240357,241849,8.67043606,9.953731461
05334002,"      Aachen, krfr. Stadt",,10098,11662,136167,134929,146265,146591,6.903907292,7.955467935
05354,"      Aachen, Kreis",,-,-,-,-,#VALUE!,#VALUE!,#VALUE!,#VALUE!
05358,"      Düren, Kreis",,9062,10089,85767,85766,94829,95855,9.556148436,10.52527255
05362,      Rhein-Erft-Kreis,,14667,17923,145370,145556,160037,163479,9.16475565,10.96348767
05366,"      Euskirchen, Kreis",,5286,6124,57908,57767,63194,63891,8.364718169,9.58507458
05370,"      Heinsberg, Kreis",,6815,7867,73665,74090,80480,81957,8.467942346,9.598936027
05374,      Oberbergischer Kreis,,7322,9061,105880,104292,113202,113353,6.468083603,7.993612873
05378,      Rheinisch-Bergischer Kreis,,7889,9273,75444,75170,83333,84443,9.466837867,10.98137205
05382,      Rhein-Sieg-Kreis,,15668,18420,163453,164083,179121,182503,8.747159741,10.09298477
055,"    Münster, Regierungsbezirk",,83288,94395,933966,938376,1017254,1032771,8.187532317,9.139973915
05512,"      Bottrop, kreisfreie Stadt",,4244,4980,33557,32179,37801,37159,11.22721621,13.40186765
05513,"      Gelsenkirchen, kreisfreie Stadt",,16616,19357,81580,81887,98196,101244,16.92125952,19.11915768
05515,"      Münster, kreisfreie Stadt",,7855,8923,172362,174761,180217,183684,4.358634313,4.857799264
05554,"      Borken, Kreis",,7420,8703,148928,149951,156348,158654,4.74582342,5.485521953
05558,"      Coesfeld, Kreis",,3363,3888,70528,71467,73891,75355,4.551298534,5.159577997
05562,"      Recklinghausen, Kreis",,26429,28866,171583,171415,198012,200281,13.34717088,14.41275009
05566,"      Steinfurt, Kreis",,10152,11641,161800,163020,171952,174661,5.903973202,6.664910885
05570,"      Warendorf, Kreis",,7208,8037,93628,93696,100836,101733,7.148240708,7.900091416
057,"    Detmold, Regierungsbezirk",,58502,68247,845838,844714,904340,912961,6.469027136,7.475346702
05711,"      Bielefeld, kreisfreie Stadt",,12970,15217,158107,158906,171077,174123,7.581381483,8.739224571
05754,"      Gütersloh, Kreis",,8355,9799,182430,182285,190785,192084,4.3792751,5.101413965
05758,"      Herford, Kreis",,7044,8222,95296,94573,102340,102795,6.882939222,7.998443504
05762,"      Höxter, Kreis",,2824,3223,45324,44649,48148,47872,5.865248816,6.732536765
05766,"      Lippe, Kreis",,10779,11899,115183,115127,125962,127026,8.557342691,9.367373609
05770,"      Minden-Lübbecke, Kreis",,7927,9675,129295,129552,137222,139227,5.776770489,6.949083152
05774,"      Paderborn, Kreis",,8603,10213,120203,119622,128806,129835,6.679036691,7.86613779
059,"    Arnsberg, Regierungsbezirk",,136150,157846,1365268,1356408,1501418,1514254,9.068094295,10.42401077
05911,"      Bochum, kreisfreie Stadt",,16300,18193,136377,137386,152677,155579,10.67613327,11.69373759
05913,"      Dortmund, kreisfreie Stadt",,31870,36213,246603,246840,278473,283053,11.44455656,12.79371708
05914,"      Hagen, kreisfreie Stadt",,10047,11888,71165,70358,81212,82246,12.37132443,14.45419838
05915,"      Hamm, kreisfreie Stadt",,7569,8512,60428,60568,67997,69080,11.13137344,12.32194557
05916,"      Herne, kreisfreie Stadt",,8132,9166,46007,47160,54139,56326,15.02059513,16.27312431
05954,      Ennepe-Ruhr-Kreis,,9527,11453,109992,108201,119519,119654,7.971117563,9.571765256
05958,      Hochsauerlandkreis,,5925,6848,107282,107012,113207,113860,5.233775297,6.014403654
05962,      Märkischer Kreis,,14109,17265,163576,160353,177685,177618,7.940456426,9.720298618
05966,"      Olpe, Kreis",,2662,3410,60159,59224,62821,62634,4.237436526,5.444327362
05970,"      Siegen-Wittgenstein, Kreis",,7164,8758,117968,116672,125132,125430,5.725154237,6.982380611
05974,"      Soest, Kreis",,8478,9984,112583,111609,121061,121593,7.003081091,8.210998988
05978,"      Unna, Kreis",,14367,16155,133128,131025,147495,147180,9.740669175,10.97635548
06,  Hessen,,149812,184955,2630864,2623535,2780676,2808490,5.387610782,6.585567333
064,"    Darmstadt, Regierungsbezirk",,98001,124071,1776068,1770383,1874069,1894454,5.22931653,6.549169312
06411,"      Darmstadt, kreisfreie Stadt",,4417,5482,105338,105790,109755,111272,4.024418022,4.926666187
06412,"      Frankfurt am Main, kreisfreie Stadt",,20486,28019,602428,602197,622914,630216,3.288736487,4.445935997
06413,"      Offenbach am Main, kreisfreie Stadt",,6289,7520,48230,46258,54519,53778,11.53542802,13.98341329
06414,"      Wiesbaden, Landeshauptstadt, kreisfreie Stadt",,9745,11321,137731,137586,147476,148907,6.607854837,7.602731906
06431,"      Bergstraße, Landkreis",,5077,6062,76359,76166,81436,82228,6.234343534,7.372184657
06432,"      Darmstadt-Dieburg, Landkreis",,7173,8329,77339,77748,84512,86077,8.487552064,9.676220128
06433,"      Groß-Gerau, Landkreis",,7081,9002,101095,99460,108176,108462,6.545814229,8.299680994
06434,      Hochtaunuskreis,,4060,5447,97597,95449,101657,100896,3.993822363,5.398628291
06435,      Main-Kinzig-Kreis,,9349,12131,138660,137323,148009,149454,6.31650778,8.116878772
06436,      Main-Taunus-Kreis,,4216,5612,102385,103889,106601,109501,3.954934757,5.125067351
06437,      Odenwaldkreis,,2287,2576,27659,27244,29946,29820,7.637080077,8.638497653
06438,"      Offenbach, Landkreis",,7583,10361,128577,128109,136160,138470,5.569183314,7.482487181
06439,      Rheingau-Taunus-Kreis,,3858,4534,45613,45453,49471,49987,7.798508217,9.070358293
06440,      Wetteraukreis,,6382,7676,87057,87711,93439,95387,6.830124466,8.047218174
065,"    Gießen, Regierungsbezirk",,25118,29080,375109,375204,400227,404284,6.275938405,7.192963362
06531,"      Gießen, Landkreis",,7623,8711,99254,100769,106877,109480,7.132498105,7.956704421
06532,      Lahn-Dill-Kreis,,6640,7734,95693,94288,102333,102022,6.488620484,7.580717884
06533,"      Limburg-Weilburg, Landkreis",,3735,4459,54921,55267,58656,59726,6.367635025,7.465760305
06534,"      Marburg-Biedenkopf, Landkreis",,4989,5847,92742,92575,97731,98422,5.10482856,5.940744955
06535,      Vogelsbergkreis,,2131,2329,32499,32305,34630,34634,6.153624025,6.724605879
066,"    Kassel, Regierungsbezirk",,26693,31804,479687,477948,506380,509752,5.271337731,6.239112353
06611,"      Kassel, kreisfreie Stadt",,7836,9092,112850,111411,120686,120503,6.492882356,7.545040372
06631,"      Fulda, Landkreis",,3338,4241,94241,94208,97579,98449,3.420818004,4.307814198
06632,"      Hersfeld-Rotenburg, Landkreis",,2338,2574,49147,49216,51485,51790,4.541128484,4.970071442
06633,"      Kassel, Landkreis",,4550,5547,74877,74731,79427,80278,5.7285306,6.909738658
06634,      Schwalm-Eder-Kreis,,3177,3896,56087,56391,59264,60287,5.360758639,6.462421418
06635,"      Waldeck-Frankenberg, Landkreis",,2994,3557,63889,63459,66883,67016,4.476473842,5.307687716
06636,      Werra-Meißner-Kreis,,2459,2899,28596,28532,31055,31431,7.918209628,9.223378194
07,  Rheinland-Pfalz,,97717,117912,1435337,1428707,1533054,1546619,6.374009004,7.623855649
071,"    Koblenz, Stat. Region",,32114,39249,523501,521015,555615,560264,5.779901551,7.005447432
07111,"      Koblenz, kreisfreie Stadt",,3421,4139,75454,75148,78875,79287,4.337242472,5.220275707
07131,"      Ahrweiler, Landkreis",,2411,2928,34995,35485,37406,38413,6.445490028,7.622419493
07132,"      Altenkirchen (Westerwald), Landkreis",,3059,3886,38977,38374,42036,42260,7.277095823,9.195456697
07133,"      Bad Kreuznach, Landkreis",,4650,5404,53188,53647,57838,59051,8.039697085,9.151411492
07134,"      Birkenfeld, Landkreis",,2453,2869,27584,26777,30037,29646,8.166594533,9.677528166
07135,"      Cochem-Zell, Landkreis",,1032,1341,19726,19843,20758,21184,4.971577223,6.330249245
07137,"      Mayen-Koblenz, Landkreis",,3694,4269,69065,68784,72759,73053,5.077035143,5.843702517
07138,"      Neuwied, Landkreis",,4510,5407,63263,62966,67773,68373,6.654567453,7.908092376
07140,      Rhein-Hunsrück-Kreis,,1900,2464,38965,38064,40865,40528,4.649455524,6.079747335
07141,      Rhein-Lahn-Kreis,,1837,2440,32478,32180,34315,34620,5.353344019,7.047949162
07143,      Westerwaldkreis,,3148,4103,69806,69747,72954,73850,4.315047838,5.555856466
072,"    Trier, Stat. Region",,9524,11854,176891,175673,186415,187527,5.109030926,6.321223077
07211,"      Trier, kreisfreie Stadt",,2949,3962,56007,55277,58956,59239,5.002035416,6.688161515
07231,"      Bernkastel-Wittlich, Landkreis",,1910,2296,41113,40656,43023,42952,4.439485856,5.345501956
07232,      Eifelkreis Bitburg-Prüm,,1299,1628,28647,28522,29946,30150,4.337808054,5.399668325
07233,"      Vulkaneifel, Landkreis",,1255,1386,20056,20160,21311,21546,5.888977523,6.432748538
07235,"      Trier-Saarburg, Landkreis",,2111,2581,31068,31058,33179,33639,6.362458181,7.672641874
073,"    Rheinhessen-Pfalz, Stat. Region",,56079,66809,734945,732019,791024,798828,7.089418273,8.363377348
07311,"      Frankenthal (Pfalz), kreisfreie Stadt",,1558,1871,18430,18741,19988,20612,7.794676806,9.077236561
07312,"      Kaiserslautern, kreisfreie Stadt",,4678,5188,54197,53449,58875,58637,7.945647558,8.847655917
07313,"      Landau in der Pfalz, kreisfreie Stadt",,1220,1560,23807,23686,25027,25246,4.874735286,6.179196704
07314,"      Ludwigshafen am Rhein, kreisfreie Stadt",,7448,9044,104883,103274,112331,112318,6.630404786,8.052137681
07315,"      Mainz, kreisfreie Stadt",,6370,7490,114810,116057,121180,123547,5.25664301,6.062470153
07316,"      Neustadt an der Weinstraße, kreisfreie Stadt",,1479,1818,17557,17273,19036,19091,7.769489389,9.522811796
07317,"      Pirmasens, kreisfreie Stadt",,2276,2447,20690,20373,22966,22820,9.910302186,10.72304996
07318,"      Speyer, kreisfreie Stadt",,1569,1806,29309,29077,30878,30883,5.081287648,5.847877473
07319,"      Worms, kreisfreie Stadt",,3026,3817,34080,33936,37106,37753,8.155015361,10.1104548
07320,"      Zweibrücken, kreisfreie Stadt",,1086,1244,15386,15349,16472,16593,6.593006314,7.497137347
07331,"      Alzey-Worms, Landkreis",,2615,3197,30091,30130,32706,33327,7.995474836,9.592822636
07332,"      Bad Dürkheim, Landkreis",,2551,3156,32431,32118,34982,35274,7.292321765,8.947099847
07333,      Donnersbergkreis,,1940,2361,22160,21389,24100,23750,8.049792531,9.941052632
07334,"      Germersheim, Landkreis",,2833,3369,46072,45273,48905,48642,5.792863715,6.926113235
07335,"      Kaiserslautern, Landkreis",,2724,3112,25677,25929,28401,29041,9.591211577,10.71588444
07336,"      Kusel, Landkreis",,1589,1784,12478,12365,14067,14149,11.29594085,12.60866492
07337,"      Südliche Weinstraße, Landkreis",,2183,2694,31611,31734,33794,34428,6.459726579,7.825026142
07338,      Rhein-Pfalz-Kreis,,3022,3758,28555,28470,31577,32228,9.570256833,11.66066774
07339,"      Mainz-Bingen, Landkreis",,4000,4945,57507,58115,61507,63060,6.503324825,7.841738027
07340,"      Südwestpfalz, Landkreis",,1915,2149,15214,15281,17129,17430,11.1798704,12.32931727
08,"  Baden-Württemberg, Land",,196950,259940,4748861,4726571,4945811,4986511,3.98215783,5.212863263
081,"    Stuttgart, Regierungsbezirk",,74546,98609,1881299,1868151,1955845,1966760,3.811447226,5.013779007
08111,"      Stuttgart, Landeshauptstadt, Stadtkreis",,13999,18616,426014,423052,440013,441668,3.18149691,4.214930672
08115,"      Böblingen, Landkreis",,6129,8227,184122,181520,190251,189747,3.221533658,4.335773425
08116,"      Esslingen, Landkreis",,9691,12555,220226,219950,229917,232505,4.214999326,5.399883873
08117,"      Göppingen, Landkreis",,5042,6851,89146,87510,94188,94361,5.35312354,7.26041479
08118,"      Ludwigsburg, Landkreis",,8797,11142,207813,206752,216610,217894,4.06121601,5.113495553
08119,"      Rems-Murr-Kreis, Landkreis",,7414,10395,153295,152199,160709,162594,4.613307282,6.393224842
08121,"      Heilbronn, Universitätsstadt, Stadtkreis",,3376,4384,71840,71691,75216,76075,4.488406722,5.762734144
08125,"      Heilbronn, Landkreis",,5696,7548,146031,145153,151727,152701,3.754111002,4.94299317
08126,"      Hohenlohekreis, Landkreis",,1582,2144,59414,59319,60996,61463,2.593612696,3.4882775
08127,"      Schwäbisch Hall, Landkreis",,3084,3873,84410,84957,87494,88830,3.52481313,4.360013509
08128,"      Main-Tauber-Kreis, Landkreis",,1981,2717,56792,55703,58773,58420,3.370595341,4.650804519
08135,"      Heidenheim, Landkreis",,2775,3615,53330,52679,56105,56294,4.946083237,6.421643514
08136,"      Ostalbkreis, Landkreis",,4981,6541,128866,127666,133847,134207,3.721413255,4.873814332
082,"    Karlsruhe, Regierungsbezirk",,54727,71693,1188866,1186606,1243593,1258299,4.400716312,5.697612412
08211,"      Baden-Baden, Stadtkreis",,1254,1654,30704,31343,31958,32997,3.923900119,5.012576901
08212,"      Karlsruhe, Stadtkreis",,6575,8408,178857,179534,185432,187942,3.545774192,4.473720616
08215,"      Karlsruhe, Landkreis",,7027,9208,158434,158734,165461,167942,4.246922235,5.482845268
08216,"      Rastatt, Landkreis",,3855,5163,94741,92965,98596,98128,3.909894925,5.26149519
08221,"      Heidelberg, Stadtkreis",,3055,3874,91782,91438,94837,95312,3.221316575,4.064545912
08222,"      Mannheim, Stadtkreis",,9032,12365,191615,189353,200647,201718,4.501437849,6.129844635
08225,"      Neckar-Odenwald-Kreis, Landkreis",,2476,3106,46597,46260,49073,49366,5.045544393,6.291779767
08226,"      Rhein-Neckar-Kreis, Landkreis",,10603,13128,176587,178400,187190,191528,5.664298307,6.854350278
08231,"      Pforzheim, Stadtkreis",,3756,4964,59006,58184,62762,63148,5.984512922,7.860898207
08235,"      Calw, Landkreis",,2576,3372,48307,48591,50883,51963,5.06259458,6.489232723
08236,"      Enzkreis, Landkreis",,2603,3767,64050,63782,66653,67549,3.905300587,5.576692475
08237,"      Freudenstadt, Landkreis",,1914,2683,48186,48022,50100,50705,3.820359281,5.291391382
083,"    Freiburg, Regierungsbezirk",,39647,52373,906495,899696,946142,952069,4.190385798,5.500966842
08311,"      Freiburg im Breisgau, Stadtkreis",,6087,7195,129151,129036,135238,136231,4.500953874,5.281470444
08315,"      Breisgau-Hochschwarzwald, Landkreis",,4017,5030,83875,84054,87892,89084,4.570381832,5.646356248
08316,"      Emmendingen, Landkreis",,2426,3123,53730,54202,56156,57325,4.32010827,5.447884867
08317,"      Ortenaukreis, Landkreis",,7368,9282,185045,183590,192413,192872,3.829263096,4.812518147
08325,"      Rottweil, Landkreis",,1871,2742,57978,57457,59849,60199,3.126200939,4.554892938
08326,"      Schwarzwald-Baar-Kreis, Landkreis",,3576,5393,89568,87499,93144,92892,3.839216697,5.805666796
08327,"      Tuttlingen, Landkreis",,2183,3147,67708,67238,69891,70385,3.123435063,4.471123109
08335,"      Konstanz, Landkreis",,4942,6797,103848,103245,108790,110042,4.542696939,6.17673252
08336,"      Lörrach, Landkreis",,4404,5984,80062,78625,84466,84609,5.213932233,7.072533655
08337,"      Waldshut, Landkreis",,2772,3680,55530,54750,58302,58430,4.754553875,6.29813452
084,"    Tübingen, Regierungsbezirk",,28030,37266,772201,772118,800231,809384,3.502738584,4.604242239
08415,"      Reutlingen, Landkreis",,5295,7012,115970,115242,121265,122254,4.366470127,5.735599653
08416,"      Tübingen, Landkreis",,3286,4218,83039,84721,86325,88939,3.806545033,4.742576373
08417,"      Zollernalbkreis, Landkreis",,3402,4384,70125,70205,73527,74589,4.626871761,5.877542265
08421,"      Ulm, Stadtkreis",,2380,3076,95855,95161,98235,98237,2.422761745,3.131203111
08425,"      Alb-Donau-Kreis, Landkreis",,2637,3597,56222,56616,58859,60213,4.48019844,5.973793035
08426,"      Biberach, Landkreis",,2297,3185,86785,87038,89082,90223,2.578523158,3.530141982
08435,"      Bodenseekreis, Landkreis",,2855,3868,94904,93903,97759,97771,2.920447222,3.956183326
08436,"      Ravensburg, Landkreis",,3874,5251,120794,121039,124668,126290,3.107453396,4.157890569
08437,"      Sigmaringen, Landkreis",,2006,2676,48507,48193,50513,50869,3.971254924,5.260571271
09,  Bayern,,211965,275075,5702850,5682137,5914815,5957212,3.583628567,4.617512353
091,"    Oberbayern, Regierungsbezirk",,71290,97648,2197568,2194346,2268858,2291994,3.142109378,4.260395097
09161,      Ingolstadt,,2379,3110,107531,104462,109910,107572,2.164498226,2.8910869
09162,"      München, Landeshauptstadt",,30557,42525,897140,897905,927697,940430,3.293855645,4.521867656
09163,      Rosenheim,,1381,1853,35596,34720,36977,36573,3.734754036,5.06657917
09171,"      Altötting, Landkreis",,1758,2153,48373,48298,50131,50451,3.506812152,4.267507086
09172,"      Berchtesgadener Land, Landkreis",,1733,2208,36842,36486,38575,38694,4.492546986,5.706311056
09173,"      Bad Tölz-Wolfratshausen, Landkreis",,1471,2002,38329,38239,39800,40241,3.695979899,4.975025472
09174,"      Dachau, Landkreis",,1641,2488,43707,43876,45348,46364,3.618682191,5.366232422
09175,"      Ebersberg, Landkreis",,1453,1968,41632,41635,43085,43603,3.372403389,4.513450909
09176,"      Eichstätt, Landkreis",,1031,1506,41770,41515,42801,43021,2.408822224,3.500615978
09177,"      Erding, Landkreis",,1494,2082,46280,46257,47774,48339,3.127224013,4.307081239
09178,"      Freising, Landkreis",,2237,3085,84720,83762,86957,86847,2.572535851,3.552224026
09179,"      Fürstenfeldbruck, Landkreis",,2986,4072,52422,52740,55408,56812,5.389113485,7.167499824
09180,"      Garmisch-Partenkirchen, Landkreis",,1243,1702,29426,29078,30669,30780,4.052952493,5.529564652
09181,"      Landsberg am Lech, Landkreis",,1430,2013,39891,39765,41321,41778,3.460710051,4.818325434
09182,"      Miesbach, Landkreis",,1192,1593,36606,36498,37798,38091,3.153606011,4.182090258
09183,"      Mühldorf a.Inn, Landkreis",,1961,2459,42067,42330,44028,44789,4.453983828,5.490187323
09184,"      München, Landkreis",,4151,5824,240769,239983,244920,245807,1.694839131,2.369338546
09185,"      Neuburg-Schrobenhausen, Landkreis",,1105,1460,32997,33152,34102,34612,3.240279163,4.218190223
09186,"      Pfaffenhofen a.d.Ilm, Landkreis",,1228,1719,43723,44897,44951,46616,2.731863585,3.687575082
09187,"      Rosenheim, Landkreis",,3155,4293,86061,86189,89216,90482,3.536361191,4.744590084
09188,"      Starnberg, Landkreis",,1604,2226,52419,52925,54023,55151,2.969105751,4.036191547
09189,"      Traunstein, Landkreis",,2515,3147,69051,69349,71566,72496,3.514238605,4.340929155
09190,"      Weilheim-Schongau, Landkreis",,1585,2163,50216,50285,51801,52448,3.059786491,4.124084808
092,"    Niederbayern, Regierungsbezirk",,20534,25802,486478,485755,507012,511557,4.050002761,5.043817209
09261,      Landshut,,1718,2064,38108,37833,39826,39897,4.313764877,5.173321302
09262,      Passau,,1197,1608,40177,39702,41374,41310,2.893121284,3.892519971
09263,      Straubing,,1205,1548,30327,30234,31532,31782,3.821514652,4.870681518
09271,"      Deggendorf, Landkreis",,1826,2313,50905,50661,52731,52974,3.46285866,4.366292898
09272,"      Freyung-Grafenau, Landkreis",,1123,1437,26375,26530,27498,27967,4.083933377,5.138198591
09273,"      Kelheim, Landkreis",,1665,2133,40237,40641,41902,42774,3.973557348,4.986674148
09274,"      Landshut, Landkreis",,2282,2840,51632,51570,53914,54410,4.23266684,5.219628745
09275,"      Passau, Landkreis",,2994,3881,62004,61467,64998,65348,4.606295578,5.938972884
09276,"      Regen, Landkreis",,1327,1615,29017,29148,30344,30763,4.373187451,5.249813087
09277,"      Rottal-Inn, Landkreis",,1982,2488,39709,39976,41691,42464,4.75402365,5.859080633
09278,"      Straubing-Bogen, Landkreis",,1436,1762,27384,27432,28820,29194,4.982650937,6.035486744
09279,"      Dingolfing-Landau, Landkreis",,1780,2114,50603,50561,52383,52675,3.398048985,4.013289037
093,"    Oberpfalz, Regierungsbezirk",,17168,21508,480756,480362,497924,501870,3.447915746,4.285571961
09361,      Amberg,,1003,1270,27890,27602,28893,28872,3.471429066,4.398725409
09362,      Regensburg,,3018,3938,125582,125778,128600,129716,2.34681182,3.035862962
09363,      Weiden i.d.OPf.,,1220,1366,28272,27834,29492,29200,4.136715041,4.678082192
09371,"      Amberg-Sulzbach, Landkreis",,1396,1751,29319,29043,30715,30794,4.545010581,5.686172631
09372,"      Cham, Landkreis",,1831,2331,53882,53972,55713,56303,3.286486098,4.140099107
09373,"      Neumarkt i.d.OPf., Landkreis",,1351,1741,51370,51840,52721,53581,2.562546234,3.249286128
09374,"      Neustadt a.d.Waldnaab, Landkreis",,1541,1806,32029,31930,33570,33736,4.590408102,5.353331752
09375,"      Regensburg, Landkreis",,2171,2967,49274,49780,51445,52747,4.22004082,5.624964453
09376,"      Schwandorf, Landkreis",,2398,2956,56630,55900,59028,58856,4.062478824,5.02242762
09377,"      Tirschenreuth, Landkreis",,1241,1382,26508,26683,27749,28065,4.472233234,4.924282915
094,"    Oberfranken, Regierungsbezirk",,19376,23677,438303,434469,457679,458146,4.233534857,5.168003213
09461,      Bamberg,,1579,1922,54478,57435,56057,59357,2.816775782,3.238034267
09462,      Bayreuth,,1695,2098,48024,47471,49719,49569,3.409159476,4.232484012
09463,      Coburg,,1137,1338,33948,33237,35085,34575,3.240701154,3.869848156
09464,      Hof,,1362,1618,24739,24624,26101,26242,5.218190874,6.165688591
09471,"      Bamberg, Landkreis",,1828,2361,40135,38022,41963,40383,4.356218574,5.846519575
09472,"      Bayreuth, Landkreis",,1583,1952,24249,24549,25832,26501,6.128058222,7.365759783
09473,"      Coburg, Landkreis",,1536,1872,29198,28894,30734,30766,4.997722392,6.084638887
09474,"      Forchheim, Landkreis",,1618,1997,32462,32631,34080,34628,4.747652582,5.767009357
09475,"      Hof, Landkreis",,1467,1866,38271,36059,39738,37925,3.691680507,4.92023731
09476,"      Kronach, Landkreis",,1231,1468,26000,25355,27231,26823,4.520583159,5.472915036
09477,"      Kulmbach, Landkreis",,1374,1580,28148,28010,29522,29590,4.654156222,5.339641771
09478,"      Lichtenfels, Landkreis",,1316,1611,28890,28770,30206,30381,4.356750315,5.302656265
09479,"      Wunsiedel i.Fichtelgebirge, Landkreis",,1651,1994,29761,29412,31412,31406,5.255953139,6.349105267
095,"    Mittelfranken, Regierungsbezirk",,34647,43107,805041,797165,839688,840272,4.126175437,5.130124531
09561,      Ansbach,,861,1089,27809,27280,28670,28369,3.00313917,3.838697169
09562,      Erlangen,,2255,2648,91977,91667,94232,94315,2.393029969,2.807612787
09563,      Fürth,,3644,4354,48770,49715,52414,54069,6.952340978,8.052673436
09564,      Nürnberg,,15410,18911,314648,309094,330058,328005,4.668876379,5.765460892
09565,      Schwabach,,726,933,16939,16538,17665,17471,4.109821681,5.340278175
09571,"      Ansbach, Landkreis",,2397,2984,62774,62250,65171,65234,3.678016296,4.574301744
09572,"      Erlangen-Höchstadt, Landkreis",,1431,1950,53277,53031,54708,54981,2.615705199,3.546679762
09573,"      Fürth, Landkreis",,1654,2135,25693,25574,27347,27709,6.048195414,7.705077773
09574,"      Nürnberger Land, Landkreis",,2201,2824,55808,55603,58009,58427,3.794238825,4.833381827
09575,"      Neustadt a.d.Aisch-Bad Windsheim, Landkreis",,1043,1496,33965,33725,35008,35221,2.979319013,4.247466
09576,"      Roth, Landkreis",,1478,1919,40253,40135,41731,42054,3.541731566,4.563180672
09577,"      Weißenburg-Gunzenhausen, Landkreis",,1547,1863,33128,32553,34675,34416,4.461427541,5.413179916
096,"    Unterfranken, Regierungsbezirk",,20817,26053,536647,533994,557464,560047,3.734232166,4.651930999
09661,      Aschaffenburg,,1980,2456,47029,46648,49009,49104,4.040074272,5.001629195
09662,      Schweinfurt,,1719,1989,53899,52891,55618,54880,3.090726024,3.624271137
09663,      Würzburg,,2551,3136,92172,91645,94723,94781,2.693115716,3.30868001
09671,"      Aschaffenburg, Landkreis",,2606,3365,53407,53636,56013,57001,4.652491386,5.903405203
09672,"      Bad Kissingen, Landkreis",,1713,2035,35580,35237,37293,37272,4.593355321,5.459862631
09673,"      Rhön-Grabfeld, Landkreis",,1132,1427,32963,33130,34095,34557,3.320134917,4.129409382
09674,"      Haßberge, Landkreis",,1323,1653,28530,28281,29853,29934,4.431715405,5.522148727
09675,"      Kitzingen, Landkreis",,1122,1435,34128,33994,35250,35429,3.182978723,4.05035423
09676,"      Miltenberg, Landkreis",,2048,2607,44347,43686,46395,46293,4.414268779,5.631520964
09677,"      Main-Spessart, Landkreis",,1304,1876,47580,47646,48884,49522,2.667539481,3.788215339
09678,"      Schweinfurt, Landkreis",,1570,1859,26823,26571,28393,28430,5.529531927,6.538867394
09679,"      Würzburg, Landkreis",,1750,2216,40189,40629,41939,42845,4.172727056,5.172132104
097,"    Schwaben, Regierungsbezirk",,28134,37281,758057,756046,786191,793327,3.578519724,4.69932323
09761,      Augsburg,,8153,10394,147489,145994,155642,156388,5.238303286,6.646289997
09762,      Kaufbeuren,,955,1109,19124,19339,20079,20448,4.756212959,5.423513302
09763,      Kempten (Allgäu),,1215,1626,37186,37124,38401,38750,3.163980105,4.196129032
09764,      Memmingen,,793,1074,31171,30805,31964,31879,2.480916031,3.36898899
09771,"      Aichach-Friedberg, Landkreis",,1582,2022,37086,37458,38668,39480,4.091238233,5.121580547
09772,"      Augsburg, Landkreis",,3374,4314,77553,78055,80927,82369,4.169189516,5.237407277
09773,"      Dillingen a.d.Donau, Landkreis",,1016,1402,34429,34362,35445,35764,2.866412752,3.920143161
09774,"      Günzburg, Landkreis",,1429,1996,53855,53940,55284,55936,2.584834672,3.568363844
09775,"      Neu-Ulm, Landkreis",,2223,3327,67004,65386,69227,68713,3.211174831,4.841878538
09776,"      Lindau (Bodensee), Landkreis",,1051,1462,33008,32287,34059,33749,3.085821662,4.331980207
09777,"      Ostallgäu, Landkreis",,1706,2322,49247,50131,50953,52453,3.34818362,4.426820201
09778,"      Unterallgäu, Landkreis",,1490,2049,52433,52712,53923,54761,2.763199377,3.741713994
09779,"      Donau-Ries, Landkreis",,1241,1725,62714,63342,63955,65067,1.940426863,2.651113468
09780,"      Oberallgäu, Landkreis",,1908,2458,55758,55111,57666,57569,3.308708771,4.269659018
10,  Saarland,,32854,38364,391368,385650,424222,424014,7.744529987,9.047814459
10041,"      Saarbrücken, Regionalverband",,15339,18034,153163,151450,168502,169484,9.103156046,10.64053244
10041100,"      Saarbrücken, Landeshauptstadt",,10024,11646,113417,111931,123441,123577,8.120478609,9.42408377
10042,"      Merzig-Wadern, Landkreis",,2353,2658,31659,31492,34012,34150,6.918146537,7.783308931
10043,"      Neunkirchen, Landkreis",,4872,5647,39854,39175,44726,44822,10.89299289,12.59872384
10044,"      Saarlouis, Landkreis",,5020,5953,72992,70380,78012,76333,6.43490745,7.798724012
10045,      Saarpfalz-Kreis,,3689,4235,66370,65674,70059,69909,5.265561884,6.057875238
10046,"      St. Wendel, Landkreis",,1580,1838,27330,27479,28910,29317,5.465236942,6.269400007
11,  Berlin,,152565,192644,1527912,1539285,1680477,1731929,9.078672306,11.12308876
11001001,      Berlin-Mitte,,.,.,.,.,#VALUE!,#VALUE!,#VALUE!,#VALUE!
11002002,      Berlin-Friedrichshain-Kreuzberg,,.,.,.,.,#VALUE!,#VALUE!,#VALUE!,#VALUE!
11003003,      Berlin-Pankow,,.,.,.,.,#VALUE!,#VALUE!,#VALUE!,#VALUE!
11004004,      Berlin-Charlottenburg-Wilmersdorf,,.,.,.,.,#VALUE!,#VALUE!,#VALUE!,#VALUE!
11005005,      Berlin-Spandau,,.,.,.,.,#VALUE!,#VALUE!,#VALUE!,#VALUE!
11006006,      Berlin-Steglitz-Zehlendorf,,.,.,.,.,#VALUE!,#VALUE!,#VALUE!,#VALUE!
11007007,      Berlin-Tempelhof-Schöneberg,,.,.,.,.,#VALUE!,#VALUE!,#VALUE!,#VALUE!
11008008,      Berlin-Neukölln,,.,.,.,.,#VALUE!,#VALUE!,#VALUE!,#VALUE!
11009009,      Berlin-Treptow-Köpenick,,.,.,.,.,#VALUE!,#VALUE!,#VALUE!,#VALUE!
11010010,      Berlin-Marzahn-Hellersdorf,,.,.,.,.,#VALUE!,#VALUE!,#VALUE!,#VALUE!
11011011,      Berlin-Lichtenberg,,.,.,.,.,#VALUE!,#VALUE!,#VALUE!,#VALUE!
11012012,      Berlin-Reinickendorf,,.,.,.,.,#VALUE!,#VALUE!,#VALUE!,#VALUE!
12,  Brandenburg,,76888,82491,854164,848381,931052,930872,8.258185365,8.861690974
12051,"      Brandenburg an der Havel, kreisfreie Stadt",,3016,2995,29679,29852,32695,32847,9.224652087,9.118032088
12052,"      Cottbus, kreisfreie Stadt",,3948,4190,46162,46719,50110,50909,7.878666933,8.23037184
12053,"      Frankfurt (Oder), kreisfreie Stadt",,2338,2462,28703,28338,31041,30800,7.531973841,7.993506494
12054,"      Potsdam, kreisfreie Stadt",,5104,5757,86168,87510,91272,93267,5.592076431,6.172601242
12060,"      Barnim, Landkreis",,5040,5655,50446,50562,55486,56217,9.083372382,10.05923475
12061,"      Dahme-Spreewald, Landkreis",,3379,3899,62848,60758,66227,64657,5.10214867,6.030282877
12062,"      Elbe-Elster, Landkreis",,3236,3511,33399,32815,36635,36326,8.833083117,9.665253537
12063,"      Havelland, Landkreis",,4525,5046,45078,44666,49603,49712,9.122432111,10.15046669
12064,"      Märkisch-Oderland, Landkreis",,5577,6063,51294,50801,56871,56864,9.806403967,10.66228194
12065,"      Oberhavel, Landkreis",,5596,6039,58000,57771,63596,63810,8.799295553,9.46403385
12066,"      Oberspreewald-Lausitz, Landkreis",,4333,4386,41065,39996,45398,44382,9.544473325,9.882384751
12067,"      Oder-Spree, Landkreis",,5703,6072,55955,55872,61658,61944,9.249408025,9.80240217
12068,"      Ostprignitz-Ruppin, Landkreis",,3194,3383,35649,35275,38843,38658,8.222845815,8.751099384
12069,"      Potsdam-Mittelmark, Landkreis",,4653,4986,61718,61330,66371,66316,7.010591975,7.51854756
12070,"      Prignitz, Landkreis",,2868,3035,27177,27344,30045,30379,9.545681478,9.990453932
12071,"      Spree-Neiße, Landkreis",,3804,3892,36671,35989,40475,39881,9.39839407,9.759033124
12072,"      Teltow-Fläming, Landkreis",,4022,4696,64986,63763,69008,68459,5.828309761,6.859580187
12073,"      Uckermark, Landkreis",,6552,6422,39166,39020,45718,45442,14.33133558,14.13230051
13,  Mecklenburg-Vorpommern,,58485,63850,578848,572732,637333,636582,9.176521536,10.03012966
13001,"      Kreisfreie Stadt Greifswald, Hansestadt",,-,-,-,-,#VALUE!,#VALUE!,#VALUE!,#VALUE!
13002,"      Kreisfreie Stadt Neubrandenburg, Stadt",,-,-,-,-,#VALUE!,#VALUE!,#VALUE!,#VALUE!
13003,"      Kreisfreie Stadt Rostock, Hansestadt",,7280,8222,92514,93252,99794,101474,7.295027757,8.102568146
13004,"      Kreisfreie Stadt Schwerin, Landeshauptstadt",,4199,4650,50834,50554,55033,55204,7.629967474,8.423302659
13005,"      Kreisfreie Stadt Stralsund, Hansestadt",,-,-,-,-,#VALUE!,#VALUE!,#VALUE!,#VALUE!
13006,"      Kreisfreie Stadt Wismar, Hansestadt",,-,-,-,-,#VALUE!,#VALUE!,#VALUE!,#VALUE!
13051,      Landkreis Bad Doberan,,-,-,-,-,#VALUE!,#VALUE!,#VALUE!,#VALUE!
13052,      Landkreis Demmin,,-,-,-,-,#VALUE!,#VALUE!,#VALUE!,#VALUE!
13053,      Landkreis Güstrow,,-,-,-,-,#VALUE!,#VALUE!,#VALUE!,#VALUE!
13054,      Landkreis Ludwigslust,,-,-,-,-,#VALUE!,#VALUE!,#VALUE!,#VALUE!
13055,      Landkreis Mecklenburg-Strelitz,,-,-,-,-,#VALUE!,#VALUE!,#VALUE!,#VALUE!
13056,      Landkreis Müritz,,-,-,-,-,#VALUE!,#VALUE!,#VALUE!,#VALUE!
13057,      Landkreis Nordvorpommern,,-,-,-,-,#VALUE!,#VALUE!,#VALUE!,#VALUE!
13058,      Landkreis Nordwestmecklenburg,,-,-,-,-,#VALUE!,#VALUE!,#VALUE!,#VALUE!
13059,      Landkreis Ostvorpommern,,-,-,-,-,#VALUE!,#VALUE!,#VALUE!,#VALUE!
13060,      Landkreis Parchim,,-,-,-,-,#VALUE!,#VALUE!,#VALUE!,#VALUE!
13061,      Landkreis Rügen,,-,-,-,-,#VALUE!,#VALUE!,#VALUE!,#VALUE!
13062,      Landkreis Uecker-Randow,,-,-,-,-,#VALUE!,#VALUE!,#VALUE!,#VALUE!
13071,      Landkreis Mecklenburgische Seenplatte,,11446,11731,94162,92623,105608,104354,10.83819408,11.24154321
13072,      Landkreis Rostock,,5694,6141,68933,67787,74627,73928,7.629946266,8.306730873
13073,      Landkreis Vorpommern-Rügen,,9102,10471,75381,73521,84483,83992,10.77376514,12.46666349
13074,      Landkreis Nordwestmecklenburg,,4796,5309,48179,48174,52975,53483,9.053327041,9.926518707
13075,      Landkreis Vorpommern-Greifswald,,9954,10492,82988,81952,92942,92444,10.7099051,11.3495738
13076,      Landkreis Ludwigslust-Parchim,,6015,6834,65857,64869,71872,71703,8.369044969,9.530981967
14,  Sachsen,,116051,128669,1617162,1608511,1733213,1737180,6.695714837,7.406774197
141,"    Chemnitz, Regierungsbezirk",,-,-,-,-,#VALUE!,#VALUE!,#VALUE!,#VALUE!
14161,"      Chemnitz, kreisfreie Stadt",,-,-,-,-,#VALUE!,#VALUE!,#VALUE!,#VALUE!
14166,"      Plauen, kreisfreie Stadt",,-,-,-,-,#VALUE!,#VALUE!,#VALUE!,#VALUE!
14167,"      Zwickau, kreisfreie Stadt",,-,-,-,-,#VALUE!,#VALUE!,#VALUE!,#VALUE!
14171,"      Annaberg, Landkreis",,-,-,-,-,#VALUE!,#VALUE!,#VALUE!,#VALUE!
14173,"      Chemnitzer Land, Landkreis",,-,-,-,-,#VALUE!,#VALUE!,#VALUE!,#VALUE!
14177,"      Freiberg, Landkreis",,-,-,-,-,#VALUE!,#VALUE!,#VALUE!,#VALUE!
14178,      Vogtlandkreis,,-,-,-,-,#VALUE!,#VALUE!,#VALUE!,#VALUE!
14181,      Mittlerer Erzgebirgskreis,,-,-,-,-,#VALUE!,#VALUE!,#VALUE!,#VALUE!
14182,"      Mittweida, Landkreis",,-,-,-,-,#VALUE!,#VALUE!,#VALUE!,#VALUE!
14188,"      Stollberg, Landkreis",,-,-,-,-,#VALUE!,#VALUE!,#VALUE!,#VALUE!
14191,"      Aue-Schwarzenberg, Landkreis",,-,-,-,-,#VALUE!,#VALUE!,#VALUE!,#VALUE!
14193,"      Zwickauer Land, Landkreis",,-,-,-,-,#VALUE!,#VALUE!,#VALUE!,#VALUE!
142,"    Dresden, Regierungsbezirk",,-,-,-,-,#VALUE!,#VALUE!,#VALUE!,#VALUE!
14262,"      Dresden, kreisfreie Stadt",,-,-,-,-,#VALUE!,#VALUE!,#VALUE!,#VALUE!
14263,"      Görlitz, kreisfreie Stadt",,-,-,-,-,#VALUE!,#VALUE!,#VALUE!,#VALUE!
14264,"      Hoyerswerda, kreisfreie Stadt",,-,-,-,-,#VALUE!,#VALUE!,#VALUE!,#VALUE!
14272,"      Bautzen, Landkreis",,-,-,-,-,#VALUE!,#VALUE!,#VALUE!,#VALUE!
14280,"      Meißen, Landkreis",,-,-,-,-,#VALUE!,#VALUE!,#VALUE!,#VALUE!
14284,      Niederschlesischer Oberlausitzkreis,,-,-,-,-,#VALUE!,#VALUE!,#VALUE!,#VALUE!
14285,"      Riesa-Großenhain, Landkreis",,-,-,-,-,#VALUE!,#VALUE!,#VALUE!,#VALUE!
14286,"      Löbau-Zittau, Landkreis",,-,-,-,-,#VALUE!,#VALUE!,#VALUE!,#VALUE!
14287,"      Sächsische Schweiz, Landkreis",,-,-,-,-,#VALUE!,#VALUE!,#VALUE!,#VALUE!
14290,      Weißeritzkreis,,-,-,-,-,#VALUE!,#VALUE!,#VALUE!,#VALUE!
14292,"      Kamenz, Landkreis",,-,-,-,-,#VALUE!,#VALUE!,#VALUE!,#VALUE!
143,"    Leipzig, Regierungsbezirk",,-,-,-,-,#VALUE!,#VALUE!,#VALUE!,#VALUE!
14365,"      Leipzig, kreisfreie Stadt",,-,-,-,-,#VALUE!,#VALUE!,#VALUE!,#VALUE!
14374,"      Delitzsch, Landkreis",,-,-,-,-,#VALUE!,#VALUE!,#VALUE!,#VALUE!
14375,"      Döbeln, Landkreis",,-,-,-,-,#VALUE!,#VALUE!,#VALUE!,#VALUE!
14379,"      Leipziger Land, Landkreis",,-,-,-,-,#VALUE!,#VALUE!,#VALUE!,#VALUE!
14383,      Muldentalkreis,,-,-,-,-,#VALUE!,#VALUE!,#VALUE!,#VALUE!
14389,"      Torgau-Oschatz, Landkreis",,-,-,-,-,#VALUE!,#VALUE!,#VALUE!,#VALUE!
145,"    Chemnitz, Stat. Region",,36352,39991,550506,542531,586858,582522,6.194343436,6.865148441
14511,"      Chemnitz, Stadt",,8099,9248,117159,116152,125258,125400,6.465854476,7.374800638
14521,      Erzgebirgskreis,,7644,8214,115753,113461,123397,121675,6.194640064,6.750770495
14522,"      Mittelsachsen, Landkreis",,7632,8293,109923,108451,117555,116744,6.492280209,7.103577057
14523,      Vogtlandkreis,,5577,6198,82209,80924,87786,87122,6.352949217,7.11416175
14524,"      Zwickau, Landkreis",,7400,8038,125462,123543,132862,131581,5.56968885,6.108784703
146,"    Dresden, Stat. Region",,46817,50335,640553,638877,687370,689212,6.811033359,7.30326808
14612,"      Dresden, Stadt",,16763,18587,269422,270858,286185,289445,5.857399934,6.421599959
14625,"      Bautzen, Landkreis",,7872,8202,113660,113226,121532,121428,6.477306388,6.754620022
14626,"      Görlitz, Landkreis",,9744,10075,86989,86599,96733,96674,10.07308778,10.42162319
14627,"      Meißen, Landkreis",,6690,7211,90385,88650,97075,95861,6.891578676,7.522350069
14628,"      Sächsische Schweiz-Osterzgebirge, Landkreis",,5748,6260,80097,79544,85845,85804,6.695788922,7.29569717
147,"    Leipzig, Stat. Region",,32882,38343,426103,427103,458985,465446,7.164068543,8.237905149
14713,"      Leipzig, Stadt",,19544,23840,272873,274019,292417,297859,6.683605946,8.003787027
14729,"      Leipzig, Landkreis",,6724,7375,78845,78912,85569,86287,7.857985953,8.547058074
14730,"      Nordsachsen, Landkreis",,6613,7128,74385,74172,80998,81300,8.164399121,8.767527675
15,  Sachsen-Anhalt,,80608,86110,799399,790366,880007,876476,9.159927137,9.824570211
15001,"      Dessau-Roßlau, kreisfreie Stadt",,3050,3274,33890,33312,36940,36586,8.256632377,8.948778221
15002,"      Halle (Saale), kreisfreie Stadt",,9653,10812,97378,98072,107031,108884,9.01888238,9.929833584
15003,"      Magdeburg, kreisfreie Stadt",,10275,11277,108684,108002,118959,119279,8.637429703,9.454304614
15081,      Altmarkkreis Salzwedel,,2908,2997,27279,26648,30187,29645,9.633285852,10.10963063
15082,"      Anhalt-Bitterfeld, Landkreis",,5784,6022,56412,55852,62196,61874,9.299633417,9.732682548
15083,"      Börde, Landkreis",,4745,5058,61941,60996,66686,66054,7.115436523,7.657371242
15084,      Burgenlandkreis,,6043,6389,59472,57945,65515,64334,9.223841868,9.930985171
15085,"      Harz, Landkreis",,5645,6420,73283,71638,78928,78058,7.152087979,8.224653463
15086,"      Jerichower Land, Landkreis",,3229,3381,27828,27964,31057,31345,10.39701195,10.78640932
15087,"      Mansfeld-Südharz, Landkreis",,6335,6443,41939,41087,48274,47530,13.12300617,13.55564906
15088,      Saalekreis,,6133,6561,69670,69012,75803,75573,8.090708811,8.681672026
15089,      Salzlandkreis,,7885,7900,62749,62084,70634,69984,11.16317921,11.28829447
15090,"      Stendal, Landkreis",,4877,5118,35664,34826,40541,39944,12.029797,12.81293811
15091,"      Wittenberg, Landkreis",,4044,4458,43210,42928,47254,47386,8.558005671,9.407841979
151,"    Dessau, Stat. Region",,-,-,-,-,#VALUE!,#VALUE!,#VALUE!,#VALUE!
15101,"      Dessau, kreisfreie Stadt",,-,-,-,-,#VALUE!,#VALUE!,#VALUE!,#VALUE!
15151,"      Anhalt-Zerbst, Kreis",,-,-,-,-,#VALUE!,#VALUE!,#VALUE!,#VALUE!
15153,"      Bernburg, Kreis",,-,-,-,-,#VALUE!,#VALUE!,#VALUE!,#VALUE!
15154,"      Bitterfeld, Kreis",,-,-,-,-,#VALUE!,#VALUE!,#VALUE!,#VALUE!
15159,"      Köthen, Kreis",,-,-,-,-,#VALUE!,#VALUE!,#VALUE!,#VALUE!
15171,"      Wittenberg, Kreis",,-,-,-,-,#VALUE!,#VALUE!,#VALUE!,#VALUE!
152,"    Halle, Stat. Region",,-,-,-,-,#VALUE!,#VALUE!,#VALUE!,#VALUE!
15202,"      Halle (Saale), kreisfreie Stadt",,-,-,-,-,#VALUE!,#VALUE!,#VALUE!,#VALUE!
15256,      Burgenlandkreis,,-,-,-,-,#VALUE!,#VALUE!,#VALUE!,#VALUE!
15260,"      Mansfelder Land, Kreis",,-,-,-,-,#VALUE!,#VALUE!,#VALUE!,#VALUE!
15261,"      Merseburg-Querfurt, Kreis",,-,-,-,-,#VALUE!,#VALUE!,#VALUE!,#VALUE!
15265,      Saalkreis,,-,-,-,-,#VALUE!,#VALUE!,#VALUE!,#VALUE!
15266,"      Sangerhausen, Kreis",,-,-,-,-,#VALUE!,#VALUE!,#VALUE!,#VALUE!
15268,"      Weißenfels, Kreis",,-,-,-,-,#VALUE!,#VALUE!,#VALUE!,#VALUE!
153,"    Magdeburg, Stat. Region",,-,-,-,-,#VALUE!,#VALUE!,#VALUE!,#VALUE!
15303,"      Magdeburg, kreisfreie Stadt",,-,-,-,-,#VALUE!,#VALUE!,#VALUE!,#VALUE!
15352,"      Aschersleben-Staßfurt, Kreis",,-,-,-,-,#VALUE!,#VALUE!,#VALUE!,#VALUE!
15355,      Bördekreis,,-,-,-,-,#VALUE!,#VALUE!,#VALUE!,#VALUE!
15357,"      Halberstadt, Kreis",,-,-,-,-,#VALUE!,#VALUE!,#VALUE!,#VALUE!
15358,"      Jerichower Land, Kreis",,-,-,-,-,#VALUE!,#VALUE!,#VALUE!,#VALUE!
15362,      Ohrekreis,,-,-,-,-,#VALUE!,#VALUE!,#VALUE!,#VALUE!
15363,"      Stendal, Kreis",,-,-,-,-,#VALUE!,#VALUE!,#VALUE!,#VALUE!
15364,"      Quedlinburg, Kreis",,-,-,-,-,#VALUE!,#VALUE!,#VALUE!,#VALUE!
15367,"      Schönebeck, Kreis",,-,-,-,-,#VALUE!,#VALUE!,#VALUE!,#VALUE!
15369,"      Wernigerode, Kreis",,-,-,-,-,#VALUE!,#VALUE!,#VALUE!,#VALUE!
15370,"      Altmarkkreis Salzwedel, Kreis",,-,-,-,-,#VALUE!,#VALUE!,#VALUE!,#VALUE!
16,  Thüringen,,59065,66678,804770,791811,863835,858489,6.837532631,7.76690208
16051,"      Erfurt, kreisfreie Stadt",,6355,7487,108960,109632,115315,117119,5.510991632,6.39264338
16052,"      Gera, kreisfreie Stadt",,3836,3994,36721,36324,40557,40318,9.458293266,9.906245349
16053,"      Jena, kreisfreie Stadt",,2931,3279,57455,57380,60386,60659,4.853774054,5.405628184
16054,"      Suhl, kreisfreie Stadt",,927,1091,15947,15463,16874,16554,5.493658883,6.590552132
16055,"      Weimar, kreisfreie Stadt",,1789,2092,24383,24198,26172,26290,6.835549442,7.95739825
16056,"      Eisenach, kreisfreie Stadt",,1406,1677,22812,21829,24218,23506,5.805599141,7.134348677
16061,"      Eichsfeld, Kreis",,2080,2449,36181,35141,38261,37590,5.436345103,6.515030593
16062,"      Nordhausen, Kreis",,2984,3293,29872,29398,32856,32691,9.082055028,10.07310881
16063,      Wartburgkreis,,2582,3138,41218,40679,43800,43817,5.894977169,7.161603944
16064,      Unstrut-Hainich-Kreis,,3762,4081,35878,34945,39640,39026,9.490413724,10.45713114
16065,      Kyffhäuserkreis,,2990,3078,20076,19291,23066,22369,12.96280239,13.76011444
16066,"      Schmalkalden-Meiningen, Kreis",,2711,3351,44278,43293,46989,46644,5.7694354,7.184203756
16067,"      Gotha, Kreis",,3687,4358,50521,49556,54208,53914,6.801579103,8.083243684
16068,"      Sömmerda, Kreis",,2003,2357,23933,23335,25936,25692,7.722856262,9.174061965
16069,"      Hildburghausen, Kreis",,1186,1429,19457,19008,20643,20437,5.74528896,6.992219993
16070,      Ilm-Kreis,,2735,3142,38521,37779,41256,40921,6.629338763,7.678209232
16071,"      Weimarer Land, Kreis",,1771,2025,26037,25842,27808,27867,6.368670886,7.26665949
16072,"      Sonneberg, Kreis",,1175,1408,21720,20414,22895,21822,5.132124918,6.452204198
16073,"      Saalfeld-Rudolstadt, Kreis",,2866,3111,35676,34806,38542,37917,7.436043796,8.204763035
16074,      Saale-Holzland-Kreis,,1818,1984,26958,26877,28776,28861,6.317764804,6.874328679
16075,      Saale-Orla-Kreis,,1978,2090,30109,29673,32087,31763,6.164490292,6.579982999
16076,"      Greiz, Kreis",,2292,2590,30145,29501,32437,32091,7.066004871,8.070798666
16077,"      Altenburger Land, Kreis",,3203,3176,27912,27447,31115,30623,10.29407038,10.37128955
